NCAAMEEX;American Express 17 - CAN;American Express - NCA
87432;Fortessa 12 - NCA;Fortessa - USD
87432;CA2-22-2-093;Fortessa - CAN
306960;Bridor 22 - NCA;Bridor - NCA
345988;Farmshelf 19 - NCA;Farmshelf - NCA
288231;Lavazza 22 - NCA;Lavazza - NCA
84766;MTS 22 - NCA;MTS - NCA
306949;My Drap 18 - NCA;My Drap - NCA
366260;Permul 22 - NCA;Permul - NCA
102049;Encore 22 - NCA;Encore - NCA
363920;Pre Pak 22 Rockies Reg - CAN;Pre Pak - Rockies - CAN
366274;Union Environ - CAN;Union Environ - CAN
301505;AMJ Campbell 19 - CAN;AMJ Campbell - CAN
87065;Deluxe 18 - NCA;Deluxe - NCA
322231;Haworth 19 - NCA;Haworth - NCA
301505;AMJ Campbell 19 - International;AMJ Campbell - USA
85138;Assa Abloy Canada 18 - CAN;Assa Abloy - CAN
214048;IHS 17 - NCA;IHS - NCA
115220;Labatt - Canada;Labatt - CAN
282645;Kerstin 20 - NCA;Kerstin - NCA
85138;Assa Abloy USA 18 - NCA;Assa Abloy - USA
199496;EEC 19 - CAN;EEC - CAN - NCA
52785;Tuuci 19 - NCA;Tuuci - NCA
87800;Staples - 21 - USA;Staples - USA - NCA
301694;Code Fulfillment 19 - NCA;Code Fulfillment - NCA
86649;Diversey USA 18 - USD;Diversey - USA - NCA
88633;Bell 21;Bell - NCA
85448;Serta 18 - NCA;Serta - NCA
302136;Bittel 18 - NCA;Bittel- NCA
348650;Farmboy 19 - NCA;Farmboy - NCA
301741;Merchful - 17 - NCA;Merchful - NCA
339152;CA2-22-3-077;Buyatab - NCA
302138;BirchStreet 17- P2 NCA;BirchStreet - NCA
87800;Staples - 21 - CAN;Staples - CAN -NCA
306959;Cetis 18 - NCA;Cetic - NCA
NCATBD;Akula 19 - NCA;Akula - NCA
327608;Davidson & Sons 18 - NCA;Davidson & Sons - NCA
257178;Leanpath 19 - NCA;DELETE CONTRACT
NCABAOF;Fiserv - 18;Fiserv - NCA
199496;EEC 19 - USA;EEC - USA - NCA
84717;Janus Et Cie 19 - NCA;Janus Et Cie - NCA
314597;Royal Thai 20 - NCA;Royal Thai - NCA
302147;Cintas Rentals 18 - NCA;Cintas Rentals - NCA
301037;Guest Tek Canada 10 - CAN;Guest Tek - CAN
356713;Vanderlyn 20 - NCA;Vanderlyn - NCA
301037;Guest Tek USA 10 - NCA;Guest Tek - USA
304393;Ecolab Accor - Pest 18 - NCA;Ecolab Accor - Pest - NCA
87342;Minibar 17 - NCA;Minibar - NCA
NCAAVECA;Ave Unrestricted / True Up NCA;Ave Unrestricted / True Up NCA
306957;Janus Displays 17 - NCA;Janus Display - NCA
301423;DCM 20 - NCA;DCM - CAN - NCA
261545;LAZ Parking 19 - NCA;LAZ Parking - NCA
85548;Bartech 18 - NCA;Bartech - NCA
306555;American Leather 18 - NCA;American Leather - NCA
363918;Manulife - 21;Manulife - CAN
306556;Momentum 19 - NCA;Momentum - NCA
343218;Chapman 19 - NCA;Chapman - NCA
NCAMONER;Moneris - 20;Moneris - CAN
88911;La Maison 19 - CAN;La Maison - Quebec - CAN
314596;Noel 18 - NCA;Noel Asmar - NCA
81546;Maxim 18 - NCA;Maxim - NCA
308624;Fever Tree P2 22 CAD;Fever Tree - CAD
332629;NEC Canada 18 - CAN;NEC - CAN
86141;Sponge 17 - NCA;Sponge Cushion - NCA
332629;NEC America 18 - USA & NCA;NEC - USA
85588;Pressreader / Newspaper Direct - 20 - NCA;PressReader - NCA
320833;ReactMobile 19 - NCA;ReactMobile - NCA
308624;Fever Tree P2 22 USD;Fever Tree - USD
200731;Clean World 19 - NCA;Clean The World - NCA
302083;Rogers - 21;Rogers - CAN
301423;DCM 20 - NCA (USD);DCM - USA - NCA
308617;Rouxbe 19 - NCA;Rouxbe - NCA
86649;Diversey CAD 18 - CAN;Diversey - CAN - NCA
302088;Shaw - 21;Shaw - CAN
359052;Viandex 21 Quebec Reg - CAN;Viandex - Quebec - CAN
89067;Telus - 21;Telus - CAN
363919;Xlabs 21 - NCA;Xlabs - NCA
357301;Three Sages 20 - NCA;Three Sages - NCA
366273;TraknProtect 19 - NCA;TraknProtect - NCA
320836;TrayAway 19 - NCA;TrayAway - NCA
363921;Videotron - 21;Videotron - CAN
366261;BSF 19 - NCA;BSF - NCA
301933;Williams 19 - NCA;William - NCA
86454;Virgina Linen 19 - USA;Virginia Linen - USA - NCA
306958;Danone P2 22 USA;Danone - USA
330015;Xerox CAD 19 - CAN;Xerox - CAN
330015;Xerox USA 19 - NCA;Xerox - USA
88728;Stan Text 16 Accor - NCA;Standard Textile Accor - NCA
